{
  "cols": 3,
  "data": {
    "slice-0": [
      -57.32588884313004,
      34.52065420361618,
      -17.620569513825604
    ],
    "slice-1": [
      -24.030757297380077,
      7.289381179660875,
      -8.489659672063766
    ],
    "slice-10": [
      76.18745712765138,
      -18.031711871862644,
      -39.787335102126704
    ],
    "slice-11": [
      78.18710351160692,
      24.604484109769864,
      -17.22872788587133
    ],
    "slice-12": [
      -77.61205277611535,
      18.673200157338183,
      -23.95534287696894
    ],
    "slice-13": [
      -28.0948749986388,
      7.5035260441164064,
      16.77010955599522
    ],
    "slice-14": [
      -29.511811434764255,
      -64.65354874285399,
      12.844954469718079
    ],
    "slice-15": [
      28.79873044201433,
      -35.50002899378902,
      15.946885244035554
    ],
    "slice-16": [
      64.09337586007312,
      13.587244535700036,
      -1.136170469207479
    ],
    "slice-17": [
      77.27616935092956,
      11.353622009670048,
      -25.478814713621457
    ],
    "slice-18": [
      79.11358297229611,
      23.077014402356706,
      -21.153232971816664
    ],
    "slice-19": [
      78.83797165287145,
      17.63701395204364,
      -29.043778454538785
    ],
    "slice-2": [
      -27.60431609631612,
      -65.74123022053723,
      7.635308447694986
    ],
    "slice-20": [
      1.571135975276783,
      54.7726157189504,
      21.930957893123132
    ],
    "slice-21": [
      -71.85860821662189,
      -24.174785139674047,
      -21.502313257080296
    ],
    "slice-22": [
      -12.444351501602384,
      -24.155560756897877,
      30.500279030679152
    ],
    "slice-23": [
      43.306816311613765,
      -21.86820522107995,
      -0.09041099852805018
    ],
    "slice-24": [
      -58.844091940720276,
      -28.182137077542418,
      -0.934337797432129
    ],
    "slice-25": [
      16.33135432208664,
      -42.07345779457813,
      1.8034294228626113
    ],
    "slice-26": [
      55.017537559693636,
      4.794671396875062,
      -25.21311699213448
    ],
    "slice-27": [
      45.67001590520662,
      41.86176953257023,
      13.692342042140934
    ],
    "slice-28": [
      -6.712094891438901,
      34.89288349518645,
      15.452510867798662
    ],
    "slice-29": [
      -22.20520697599111,
      -1.8942862924057906,
      27.14292430654859
    ],
    "slice-3": [
      54.496588608671935,
      -26.158719964482028,
      -35.191908975380855
    ],
    "slice-30": [
      9.5639129345917,
      -44.87737573877682,
      13.071740250494745
    ],
    "slice-31": [
      4.506720225395428,
      -56.04766518576144,
      -2.684969366508869
    ],
    "slice-32": [
      67.49387108325078,
      13.384311468007096,
      -0.3556883666964064
    ],
    "slice-33": [
      81.27868191777821,
      9.301669408352922,
      -14.689715260984077
    ],
    "slice-34": [
      -52.24378532296971,
      39.459753490798924,
      -8.949671584887486
    ],
    "slice-35": [
      -63.97187466772957,
      10.329592903035158,
      -38.47549316880841
    ],
    "slice-36": [
      -20.384705240231067,
      -55.7687693088114,
      1.7616442449309526
    ],
    "slice-37": [
      -0.5781241814558367,
      -68.60016330725784,
      -15.538637363395022
    ],
    "slice-38": [
      23.447872616030107,
      2.7521945406863435,
      -32.49232183171371
    ],
    "slice-39": [
      -58.80900110739912,
      22.469097210589293,
      -24.581040905713124
    ],
    "slice-4": [
      76.60757412297846,
      8.800054144021336,
      -34.923932203931784
    ],
    "slice-40": [
      -1.413818730913954,
      3.250670772689801,
      11.466314417060138
    ],
    "slice-41": [
      -0.19239124782324868,
      -69.4556718597595,
      11.588307260382091
    ],
    "slice-42": [
      44.62922510484271,
      -60.71585549268892,
      0.2998656498121067
    ],
    "slice-43": [
      -59.81392935945222,
      22.69374933386803,
      -7.9741043471535145
    ],
    "slice-44": [
      -67.37202697365329,
      9.35288956865747,
      0.9626545316389628
    ],
    "slice-45": [
      -38.61236422011022,
      -43.00083220492096,
      6.886075614904805
    ],
    "slice-46": [
      22.477306577346837,
      -6.290129260620397,
      2.737646483746626
    ],
    "slice-47": [
      -50.81770541177636,
      35.05192421304157,
      4.390322910978653
    ],
    "slice-48": [
      -78.53506675359544,
      -16.00573373346299,
      -20.596202367384087
    ],
    "slice-49": [
      -42.18984056825031,
      -41.22874708424536,
      11.600756649157388
    ],
    "slice-5": [
      -51.760735849616125,
      46.6071021524475,
      -13.790271485849653
    ],
    "slice-50": [
      17.2362952004155,
      -56.31230607764103,
      13.828872769478435
    ],
    "slice-51": [
      -37.24257599661249,
      53.92195301202552,
      5.746696184854476
    ],
    "slice-52": [
      -67.96132181318595,
      43.76143653238547,
      -25.60014632713325
    ],
    "slice-53": [
      -46.10551419349955,
      41.78036949422525,
      -14.122762804770476
    ],
    "slice-54": [
      -15.337548801205633,
      31.69632146620952,
      11.835390336231683
    ],
    "slice-55": [
      9.308395686238484,
      -58.88380466657897,
      6.99263139737393
    ],
    "slice-56": [
      64.1230496634832,
      19.272401001358602,
      -12.713484092346263
    ],
    "slice-57": [
      76.06626765294004,
      18.079716143895062,
      -44.602131171465814
    ],
    "slice-58": [
      65.12317570699997,
      36.25474072009647,
      -15.875621646275404
    ],
    "slice-59": [
      47.02428606799916,
      27.678488274369336,
      26.206006560989373
    ],
    "slice-6": [
      -65.30638296692631,
      -1.086787162630539,
      -30.508249143498574
    ],
    "slice-60": [
      -74.81472130799105,
      23.29208608412075,
      -19.2558000242332
    ],
    "slice-61": [
      -19.129219207761796,
      -38.103404086595035,
      22.601884634659438
    ],
    "slice-62": [
      22.221375671027413,
      -34.664601061463074,
      13.932240460026813
    ],
    "slice-63": [
      32.737215999580236,
      -39.65944029512271,
      -20.355474098183468
    ],
    "slice-64": [
      8.791953789776981,
      34.55611428431313,
      30.030029391986
    ],
    "slice-65": [
      -20.11114086481086,
      42.15090923467162,
      20.36719129706081
    ],
    "slice-66": [
      -64.4256463316605,
      -1.2948371546790765,
      -16.638863755753494
    ],
    "slice-67": [
      16.498318916607076,
      -27.663335137902052,
      20.663507915134755
    ],
    "slice-68": [
      69.80378026749679,
      -23.342318283547616,
      -15.376609507317914
    ],
    "slice-69": [
      72.20866387687632,
      21.574200048459872,
      -10.701812954741422
    ],
    "slice-7": [
      -58.370737628237684,
      -22.24805833078555,
      -31.697857568347775
    ],
    "slice-70": [
      21.28762744911505,
      42.61199863603056,
      34.9454508185481
    ],
    "slice-71": [
      8.946685060076577,
      53.02784615440869,
      28.966894659585005
    ],
    "slice-72": [
      11.252726524634461,
      15.532708241903334,
      33.376686191723046
    ],
    "slice-73": [
      34.188905154406505,
      3.2227722982837674,
      23.085736487968088
    ],
    "slice-74": [
      39.568186552249614,
      25.98053362277095,
      22.035376457495172
    ],
    "slice-75": [
      48.639090910590454,
      23.614484138584803,
      16.768535303242356
    ],
    "slice-76": [
      -52.22886846886917,
      51.754997915564246,
      -2.579246999555134
    ],
    "slice-77": [
      -73.6401144545863,
      38.19829565540926,
      -12.260015435775095
    ],
    "slice-78": [
      -22.136252194555976,
      20.009927235769464,
      14.950298502057711
    ],
    "slice-79": [
      -9.767978588033243,
      -3.3208034961863646,
      9.782247581544208
    ],