{
  "cols": 2,
  "data": {
    "slice-0": [
      1095.009765625,
      51.986576080322266
    ],
    "slice-1": [
      1703.0877685546875,
      50.44387435913086
    ],
    "slice-10": [
      1485.4168701171875,
      88.42388916015625
    ],
    "slice-11": [
      1033.7672119140625,
      51.26909637451172
    ],
    "slice-12": [
      1080.7327880859375,
      54.095272064208984
    ],
    "slice-13": [
      856.1364135742188,
      53.5226936340332
    ],
    "slice-14": [
      1277.6156005859375,
      55.11829376220703
    ],
    "slice-15": [
      1155.3526611328125,
      54.612892150878906
    ],
    "slice-16": [
      911.5009155273438,
      53.73775100708008
    ],
    "slice-17": [
      1037.2803955078125,
      53.63227462768555
    ],
    "slice-18": [
      1467.158447265625,
      90.6427001953125
    ],
    "slice-19": [
      1639.740966796875,
      91.63287353515625
    ],
    "slice-2": [
      1473.229248046875,
      83.50987243652344
    ],
    "slice-20": [
      865.3580322265625,
      54.00174331665039
    ],
    "slice-21": [
      1249.70458984375,
      79.0282974243164
    ],
    "slice-22": [
      2066.904052734375,
      53.78483200073242
    ],
    "slice-23": [
      2072.68994140625,
      54.02431106567383
    ],
    "slice-24": [
      1191.8203125,
      55.4986457824707
    ],
    "slice-25": [
      1058.2862548828125,
      55.49867630004883
    ],
    "slice-26": [
      1381.8734130859375,
      55.7169075012207
    ],
    "slice-27": [
      868.8773803710938,
      54.79543685913086
    ],
    "slice-28": [
      968.79345703125,
      55.3099479675293
    ],
    "slice-29": [
      951.3980102539063,
      54.42036819458008
    ],
    "slice-3": [
      1890.3323974609375,
      88.22269439697266
    ],
    "slice-30": [
      924.8147583007813,
      53.69956970214844
    ],
    "slice-31": [
      1640.4232177734375,
      54.43864440917969
    ],
    "slice-32": [
      1204.43798828125,
      54.61452102661133
    ],
    "slice-33": [
      1147.4893798828125,
      55.529945373535156
    ],
    "slice-34": [
      1524.5283203125,
      49.92384719848633
    ],
    "slice-35": [
      848.500244140625,
      76.2068099975586
    ],
    "slice-36": [
      1469.115478515625,
      82.38567352294922
    ],
    "slice-37": [
      1191.1749267578125,
      85.57365417480469
    ],
    "slice-38": [
      852.3131713867188,
      48.841529846191406
    ],
    "slice-39": [
      1103.494384765625,
      52.13998794555664
    ],
    "slice-4": [
      1508.9000244140625,
      53.033721923828125
    ],
    "slice-40": [
      2085.646728515625,
      51.62826919555664
    ],
    "slice-41": [
      1438.3199462890625,
      83.38151550292969
    ],
    "slice-42": [
      1873.125244140625,
      85.7544937133789
    ],
    "slice-43": [
      1423.5283203125,
      56.78950500488281
    ],
    "slice-44": [
      1155.9140625,
      56.66716766357422
    ],
    "slice-45": [
      1139.5103759765625,
      56.51145935058594
    ],
    "slice-46": [
      1286.5594482421875,
      56.60664367675781
    ],
    "slice-47": [
      1086.2662353515625,
      55.90449142456055
    ],
    "slice-48": [
      1519.509765625,
      55.921321868896484
    ],
    "slice-49": [
      1686.4307861328125,
      54.593605041503906
    ],
    "slice-5": [
      1369.4730224609375,
      52.486392974853516
    ],
    "slice-50": [
      1537.2042236328125,
      54.9906005859375
    ],
    "slice-51": [
      612.55419921875,
      62.088626861572266
    ],
    "slice-52": [
      862.7660522460938,
      70.95228576660156
    ],
    "slice-53": [
      888.3864135742188,
      45.75109100341797
    ],
    "slice-54": [
      1292.140625,
      44.10171127319336
    ],
    "slice-55": [
      1200.8369140625,
      84.60910034179688
    ],
    "slice-56": [
      1105.8394775390625,
      46.461673736572266
    ],
    "slice-57": [
      1357.2432861328125,
      89.8520736694336
    ],
    "slice-58": [
      1355.0611572265625,
      91.60505676269531
    ],
    "slice-59": [
      1724.349609375,
      54.005149841308594
    ],
    "slice-6": [
      1120.58837890625,
      77.70563507080078
    ],
    "slice-60": [
      1388.6053466796875,
      53.08689880371094
    ],
    "slice-61": [
      1418.7305908203125,
      54.70786666870117
    ],
    "slice-62": [
      2361.760986328125,
      54.02370834350586
    ],
    "slice-63": [
      1471.0565185546875,
      56.29901123046875
    ],
    "slice-64": [
      933.6614990234375,
      40.907493591308594
    ],
    "slice-65": [
      1155.142578125,
      53.503639221191406
    ],
    "slice-66": [
      1352.3817138671875,
      50.97650146484375
    ],
    "slice-67": [
      1459.6898193359375,
      53.33696746826172
    ],
    "slice-68": [
      1533.7237548828125,
      53.51911926269531
    ],
    "slice-69": [
      1774.743408203125,
      53.82124710083008
    ],
    "slice-7": [
      1528.1392822265625,
      79.33659362792969
    ],
    "slice-70": [
      1561.9368896484375,
      54.75594711303711
    ],
    "slice-71": [
      1759.8221435546875,
      59.71284484863281
    ],
    "slice-72": [
      1174.1851806640625,
      55.742286682128906
    ],
    "slice-73": [
      1548.8934326171875,
      54.183815002441406
    ],
    "slice-74": [
      1927.47216796875,
      54.181068420410156
    ],
    "slice-75": [
      1874.268798828125,
      55.20770263671875
    ],
    "slice-76": [
      1245.8599853515625,
      70.93815612792969
    ],
    "slice-77": [
      1177.4482421875,
      76.85502624511719
    ],
    "slice-78": [
      2142.91748046875,
      79.58802032470703
    ],
    "slice-79": [
      2223.17822265625,
      81.95635986328125
    ],
    "slice-8": [
      1367.83447265625,
      81.52130126953125
    ],
    "slice-80": [
      1716.6260986328125,
      62.74309158325195
    ],
    "slice-81": [
      1035.49267578125,
      58.13444137573242
    ],
    "slice-82": [
      1323.7913818359375,
      82.21626281738281
    ],
    "slice-83": [
      1125.7686767578125,
      58.301963806152344
    ],
    "slice-84": [
      1461.4488525390625,
      55.06975173950195
    ],
    "slice-85": [
      1274.9803466796875,
      54.9891357421875
    ],
    "slice-86": [
      1362.8828125,
      53.26651382446289
    ],
    "slice-87": [
      1274.331298828125,
      55.30067443847656
    ],
    "slice-88": [
      1315.9700927734375,
      58.712059020996094
    ],
    "slice-9": [
      1273.4140625,
      85.05944061279297
    ]
  }
}
