{
  "cols": 2,
  "data": {
    "slice-0": [
      1095.009765625,
      -27.728614807128906
    ],
    "slice-1": [
      1703.0877685546875,
      -24.628549575805664
    ],
    "slice-10": [
      1485.4168701171875,
      -28.72323226928711
    ],
    "slice-11": [
      1033.7672119140625,
      -24.389118194580078
    ],
    "slice-12": [
      1080.7327880859375,
      -29.317058563232422
    ],
    "slice-13": [
      856.1364135742188,
      -28.468652725219727
    ],
    "slice-14": [
      1277.6156005859375,
      -31.26869773864746
    ],
    "slice-15": [
      1155.3526611328125,
      -28.114425659179688
    ],
    "slice-16": [
      911.5009155273438,
      -26.527507781982422
    ],
    "slice-17": [
      1037.2803955078125,
      -28.15442657470703
    ],
    "slice-18": [
      1467.158447265625,
      -27.06375503540039
    ],
    "slice-19": [
      1639.740966796875,
      -28.698863983154297
    ],
    "slice-2": [
      1473.229248046875,
      -28.031906127929688
    ],
    "slice-20": [
      865.3580322265625,
      -24.78580665588379
    ],
    "slice-21": [
      1249.70458984375,
      -32.714691162109375
    ],
    "slice-22": [
      2066.904052734375,
      -21.217283248901367
    ],
    "slice-23": [
      2072.68994140625,
      -23.68558692932129
    ],
    "slice-24": [
      1191.8203125,
      -28.249469757080078
    ],
    "slice-25": [
      1058.2862548828125,
      -29.101961135864258
    ],
    "slice-26": [
      1381.8734130859375,
      -27.96051597595215
    ],
    "slice-27": [
      868.8773803710938,
      -25.970685958862305
    ],
    "slice-28": [
      968.79345703125,
      -25.6021728515625
    ],
    "slice-29": [
      951.3980102539063,
      -25.590763092041016
    ],
    "slice-3": [
      1890.3323974609375,
      -30.304792404174805
    ],
    "slice-30": [
      924.8147583007813,
      -29.08359146118164
    ],
    "slice-31": [
      1640.4232177734375,
      -29.283370971679688
    ],
    "slice-32": [
      1204.43798828125,
      -24.2703914642334
    ],
    "slice-33": [
      1147.4893798828125,
      -24.39539909362793
    ],
    "slice-34": [
      1524.5283203125,
      -31.1230525970459
    ],
    "slice-35": [
      848.500244140625,
      -33.61589431762695
    ],
    "slice-36": [
      1469.115478515625,
      -31.35874366760254
    ],
    "slice-37": [
      1191.1749267578125,
      -36.5735969543457
    ],
    "slice-38": [
      852.3131713867188,
      -31.330835342407227
    ],
    "slice-39": [
      1103.494384765625,
      -28.54804039001465
    ],
    "slice-4": [
      1508.9000244140625,
      -27.47028350830078
    ],
    "slice-40": [
      2085.646728515625,
      -23.277273178100586
    ],
    "slice-41": [
      1438.3199462890625,
      -30.426862716674805
    ],
    "slice-42": [
      1873.125244140625,
      -28.075576782226563
    ],
    "slice-43": [
      1423.5283203125,
      -28.04399299621582
    ],
    "slice-44": [
      1155.9140625,
      -27.12332534790039
    ],
    "slice-45": [
      1139.5103759765625,
      -28.214656829833984
    ],
    "slice-46": [
      1286.5594482421875,
      -26.041704177856445
    ],
    "slice-47": [
      1086.2662353515625,
      -27.332176208496094
    ],
    "slice-48": [
      1519.509765625,
      -27.457538604736328
    ],
    "slice-49": [
      1686.4307861328125,
      -26.643457412719727
    ],
    "slice-5": [
      1369.4730224609375,
      -26.84727668762207
    ],
    "slice-50": [
      1537.2042236328125,
      -26.89950942993164
    ],
    "slice-51": [
      612.55419921875,
      -29.91983985900879
    ],
    "slice-52": [
      862.7660522460938,
      -31.508264541625977
    ],
    "slice-53": [
      888.3864135742188,
      -29.387359619140625
    ],
    "slice-54": [
      1292.140625,
      -24.861892700195313
    ],
    "slice-55": [
      1200.8369140625,
      -29.557437896728516
    ],
    "slice-56": [
      1105.8394775390625,
      -23.114627838134766
    ],
    "slice-57": [
      1357.2432861328125,
      -29.14656639099121
    ],
    "slice-58": [
      1355.0611572265625,
      -23.90631866455078
    ],
    "slice-59": [
      1724.349609375,
      -18.060535430908203
    ],
    "slice-6": [
      1120.58837890625,
      -29.462331771850586
    ],
    "slice-60": [
      1388.6053466796875,
      -25.621225357055664
    ],
    "slice-61": [
      1418.7305908203125,
      -23.33916473388672
    ],
    "slice-62": [
      2361.760986328125,
      -18.653057098388672
    ],
    "slice-63": [
      1471.0565185546875,
      -24.901567459106445
    ],
    "slice-64": [
      933.6614990234375,
      -23.502431869506836
    ],
    "slice-65": [
      1155.142578125,
      -24.041898727416992
    ],
    "slice-66": [
      1352.3817138671875,
      -25.903244018554688
    ],
    "slice-67": [
      1459.6898193359375,
      -22.61124610900879
    ],
    "slice-68": [
      1533.7237548828125,
      -23.30442237854004
    ],
    "slice-69": [
      1774.743408203125,
      -21.743364334106445
    ],
    "slice-7": [
      1528.1392822265625,
      -28.474529266357422
    ],
    "slice-70": [
      1561.9368896484375,
      -18.73519515991211
    ],
    "slice-71": [
      1759.8221435546875,
      -18.48548126220703
    ],
    "slice-72": [
      1174.1851806640625,
      -21.03316879272461
    ],
    "slice-73": [
      1548.8934326171875,
      -20.1238956451416
    ],
    "slice-74": [
      1927.47216796875,
      -19.730112075805664
    ],
    "slice-75": [
      1874.268798828125,
      -17.48745346069336
    ],
    "slice-76": [
      1245.8599853515625,
      -25.73400115966797
    ],
    "slice-77": [
      1177.4482421875,
      -25.216920852661133
    ],
    "slice-78": [
      2142.91748046875,
      -16.34174156188965
    ],
    "slice-79": [
      2223.17822265625,
      -17.17970085144043
    ],
    "slice-8": [
      1367.83447265625,
      -29.103120803833008
    ],
    "slice-80": [
      1716.6260986328125,
      -18.3568058013916
    ],
    "slice-81": [
      1035.49267578125,
      -24.1385555267334
    ],
    "slice-82": [
      1323.7913818359375,
      -33.89986038208008
    ],
    "slice-83": [
      1125.7686767578125,
      -30.435405731201172
    ],
    "slice-84": [
      1461.4488525390625,
      -20.279605865478516
    ],
    "slice-85": [
      1274.9803466796875,
      -21.08376693725586
    ],
    "slice-86": [
      1362.8828125,
      -20.788719177246094
    ],
    "slice-87": [
      1274.331298828125,
      -19.89754867553711
    ],
    "slice-88": [
      1315.9700927734375,
      -23.294137954711914
    ],
    "slice-9": [
      1273.4140625,
      -26.861656188964844
    ]
  }
}
